{"cameraMode":{"drawMode":0,"name":"Shaded","section":"Shading Mode"},"sceneLighting":true,"audioPlay":false,"sceneViewState":{"showFog":true,"showMaterialUpdate":false,"showSkybox":true,"showFlares":true,"showImageEffects":true,"showParticleSystems":true},"in2DMode":false,"pivot":{"x":1.490429401397705,"y":0.03518962860107422,"z":1.545541763305664},"rotation":{"x":-0.30581748485565188,"y":0.010573239997029305,"z":-0.0033949401695281269,"w":-0.9520254135131836},"size":21.866622924804689,"orthographic":false}